id,demand
16,1.0
7867,1.0
8667,1.0
14835,1.0
14959,1.0
24820,1.0
35688,1.0
41293,1.0
41644,1.0
41646,1.0
41651,1.0
41689,1.0
43602,1.0
44300,1.0
45713,1.0
45741,1.0
55956,1.0
62047,1.0
73355,1.0
90712,1.0
93429,1.0
93436,1.0
97649,1.0
99244,1.0
100874,1.0
100875,1.0
100878,1.0
101054,1.0
101544,1.0
101760,1.0
101993,1.0
108370,1.0
108489,1.0
108539,1.0
109453,1.0
111539,1.0
114549,1.0
114552,1.0
114621,1.0
114727,1.0
114917,1.0
114923,1.0
114932,1.0
114935,1.0
114936,1.0
114940,1.0
115231,1.0
115286,1.0
124189,1.0
124466,1.0
124470,1.0
124686,1.0
124864,1.0
124876,1.0
125829,1.0
126221,1.0
126224,1.0
126535,1.0
126786,1.0
128701,1.0
128703,1.0
129392,1.0
129393,1.0
129968,1.0
130337,1.0
131339,1.0
131345,1.0
131723,1.0
131731,1.0
132043,1.0
135015,1.0
135159,1.0
135166,1.0
135169,1.0
136311,1.0
137556,1.0
140320,1.0
140648,1.0
140649,1.0
148478,1.0
148518,1.0
148813,1.0
150929,1.0
151819,1.0
152361,1.0
152513,1.0
154924,1.0
155098,1.0
156907,1.0
156991,1.0
156993,1.0
156994,1.0
156996,1.0
156998,1.0
158201,1.0
158206,1.0
158247,1.0
158447,1.0
160156,1.0
160555,1.0
160753,1.0
162072,1.0
162351,1.0
163362,1.0
163695,1.0
164054,1.0
164060,1.0
164161,1.0
164384,1.0
164394,1.0
164476,1.0
164484,1.0
164487,1.0
164503,1.0
164585,1.0
164630,1.0
164946,1.0
164987,1.0
165737,1.0
166072,1.0
166075,1.0
166153,1.0
167060,1.0
168406,1.0
168520,1.0
168637,1.0
168786,1.0
168903,1.0
170562,1.0
171210,1.0
171526,1.0
171702,1.0
171848,1.0
171963,1.0
172608,1.0
172839,1.0
172842,1.0
172847,1.0
172988,1.0
173333,1.0
173534,1.0
178200,1.0
178287,1.0
179257,1.0
179646,1.0
180201,1.0
180274,1.0
180278,1.0
180299,1.0
180309,1.0
180323,1.0
180352,1.0
180354,1.0
180381,1.0
180496,1.0
180529,1.0
180535,1.0
180536,1.0
180650,1.0
180946,1.0
181066,1.0
181069,1.0
181157,1.0
181158,1.0
181160,1.0
181419,1.0
181633,1.0
181922,1.0
181976,1.0
182834,1.0
183516,1.0
183697,1.0
183953,1.0
183956,1.0
184021,1.0
184022,1.0
184025,1.0
184133,1.0
184170,1.0
184228,1.0
184273,1.0
184566,1.0
184567,1.0
184665,1.0
184868,1.0
184886,1.0
184919,1.0
184922,1.0
184925,1.0
185066,1.0
185094,1.0
185102,1.0
185107,1.0
185218,1.0
185382,1.0
185385,1.0
185447,1.0
185491,1.0
186739,1.0
187422,1.0
188412,1.0
188922,1.0
190091,1.0
190148,1.0
190213,1.0
190215,1.0
190240,1.0
190256,1.0
190267,1.0
190396,1.0
190397,1.0
190442,1.0
190455,1.0
190571,1.0
190724,1.0
190744,1.0
190959,1.0
191085,1.0
191262,1.0
191681,1.0
191718,1.0
191760,1.0
191761,1.0
191842,1.0
192598,1.0
192701,1.0
192703,1.0
192704,1.0
192720,1.0
192723,1.0
192725,1.0
192726,1.0
192727,1.0
192728,1.0
192738,1.0
192741,1.0
192742,1.0
193500,1.0
194225,1.0
194226,1.0
194274,1.0
194279,1.0
194281,1.0
194325,1.0
194540,1.0
194541,1.0
194542,1.0
194589,1.0
194707,1.0
194749,1.0
195015,1.0
195569,1.0
195611,1.0
195612,1.0
195613,1.0
195616,1.0
195617,1.0
195620,1.0
195621,1.0
195622,1.0
195625,1.0
195626,1.0
196216,1.0
196228,1.0
196486,1.0
196639,1.0
196643,1.0
196688,1.0
196691,1.0
196692,1.0
196695,1.0
196796,1.0
196797,1.0
196802,1.0
196803,1.0
196806,1.0
196807,1.0
196879,1.0
196881,1.0
196883,1.0
196970,1.0
197038,1.0
197093,1.0
197114,1.0
197123,1.0
197301,1.0
197920,1.0
197959,1.0
198148,1.0
198182,1.0
198183,1.0
198184,1.0
198185,1.0
198186,1.0
198268,1.0
198273,1.0
198275,1.0
198363,1.0
198516,1.0
198525,1.0
198529,1.0
198674,1.0
198718,1.0
198740,1.0
198744,1.0
198793,1.0
199653,1.0
199656,1.0
199785,1.0
199803,1.0
199804,1.0
199866,1.0
200220,1.0
200824,1.0
200825,1.0
200828,1.0
200830,1.0
200832,1.0
200833,1.0
200840,1.0
200842,1.0
200847,1.0
200849,1.0
200861,1.0
200863,1.0
200864,1.0
200866,1.0
200873,1.0
200877,1.0
200890,1.0
200892,1.0
200894,1.0
200911,1.0
200912,1.0
200913,1.0
200918,1.0
200921,1.0
200923,1.0
200927,1.0
200942,1.0
200943,1.0
200944,1.0
200945,1.0
200948,1.0
200949,1.0
200954,1.0
200958,1.0
200961,1.0
200971,1.0
200972,1.0
200973,1.0
200980,1.0
200981,1.0
200987,1.0
200988,1.0
200989,1.0
200990,1.0
200991,1.0
200994,1.0
200997,1.0
200998,1.0
200999,1.0
201012,1.0
201013,1.0
201022,1.0
201023,1.0
201024,1.0
201025,1.0
201026,1.0
201028,1.0
201029,1.0
201031,1.0
201033,1.0
201034,1.0
201040,1.0
201041,1.0
201042,1.0
201044,1.0
201049,1.0
201050,1.0
201053,1.0
201057,1.0
201059,1.0
201065,1.0
201067,1.0
201070,1.0
201072,1.0
201085,1.0
201087,1.0
201089,1.0
201092,1.0
201111,1.0
201112,1.0
201113,1.0
201114,1.0
201119,1.0
201147,1.0
201149,1.0
201150,1.0
201152,1.0
201153,1.0
201154,1.0
201155,1.0
201156,1.0
201159,1.0
201160,1.0
201164,1.0
201172,1.0
201173,1.0
201174,1.0
201177,1.0
201178,1.0
201179,1.0
201183,1.0
201184,1.0
201186,1.0
201191,1.0
201205,1.0
201206,1.0
201208,1.0
201214,1.0
201216,1.0
201232,1.0
201234,1.0
201235,1.0
201236,1.0
201240,1.0
201247,1.0
201249,1.0
201250,1.0
201251,1.0
201253,1.0
201256,1.0
201257,1.0
201259,1.0
201276,1.0
201303,1.0
201304,1.0
201305,1.0
201307,1.0
201308,1.0
201311,1.0
201314,1.0
201315,1.0
201318,1.0
201320,1.0
201322,1.0
201323,1.0
201325,1.0
201326,1.0
201327,1.0
201331,1.0
201332,1.0
201338,1.0
201341,1.0
201343,1.0
201345,1.0
201351,1.0
201353,1.0
201355,1.0
201356,1.0
201357,1.0
201368,1.0
201369,1.0
201374,1.0
201377,1.0
201389,1.0
201390,1.0
201392,1.0
201393,1.0
201394,1.0
201395,1.0
201396,1.0
201402,1.0
201413,1.0
201416,1.0
201420,1.0
201423,1.0
201424,1.0
201434,1.0
201435,1.0
201437,1.0
201439,1.0
201449,1.0
201540,1.0
202953,1.0
202955,1.0
202963,1.0
202992,1.0
202993,1.0
202995,1.0
202996,1.0
202998,1.0
202999,1.0
203002,1.0
203004,1.0
203006,1.0
203008,1.0
203009,1.0
203010,1.0
203012,1.0
203015,1.0
203017,1.0
203449,1.0
203452,1.0
203568,1.0
203569,1.0
203573,1.0
203689,1.0
203691,1.0
203693,1.0
203694,1.0
203697,1.0
203698,1.0
203699,1.0
203701,1.0
203702,1.0
203705,1.0
203706,1.0
203709,1.0
203710,1.0
203712,1.0
203715,1.0
203716,1.0
203718,1.0
203721,1.0
203723,1.0
203725,1.0
203726,1.0
203727,1.0
203730,1.0
203731,1.0
203734,1.0
203737,1.0
203740,1.0
203743,1.0
203746,1.0
203748,1.0
203751,1.0
203753,1.0
203756,1.0
203759,1.0
203760,1.0
203763,1.0
203765,1.0
203768,1.0
203769,1.0
203772,1.0
203774,1.0
203775,1.0
203778,1.0
203780,1.0
203783,1.0
203784,1.0
203785,1.0
203786,1.0
203788,1.0
203791,1.0
203792,1.0
203794,1.0
203795,1.0
203798,1.0
203800,1.0
203803,1.0
203805,1.0
203808,1.0
203811,1.0
203813,1.0
203814,1.0
203815,1.0
203817,1.0
203818,1.0
203820,1.0
203822,1.0
203824,1.0
203933,1.0
203934,1.0
203935,1.0
203937,1.0
203938,1.0
203939,1.0
203948,1.0
203949,1.0
203970,1.0
203973,1.0
203974,1.0
203977,1.0
203978,1.0
203996,1.0
203997,1.0
204035,1.0
204037,1.0
204065,1.0
